Category,Object,Element,Kangxi_Stroke,Meaning,Thai_Remedy,Chinese_Remedy,Hindu_Remedy,Bridging_Element,Bridging_Activity,Mantra_Name,Mantra_Detail
ภูตผี & วิญญาณ,ผี / วิญญาณ (Ghost) ,น้ำ (Water) ,10,"อดีตที่ตามหลอกหลอน, ภาระทางใจ, เจ้ากรรมนายเวร ","ใส่บาตรและกรวดน้ำลงดินทันที (Grounding), พกหินอาเกตสีดำ หรือเครื่องรางเกลือ ",ติดกระบี่ไม้ท้อ (ธาตุไม้) ข่มพลังงานลบ ,บูชาท้าวเวสสุวรรณ ผู้ปราบภูตผีปีศาจ ,"""ไม้"" (Wood) ",ปลูกต้นไม้ หรือบริจาคไถ่ชีวิตโคกระบือ เพื่อเปลี่ยนความกลัว (น้ำ) เป็นการเติบโต ,1. อภัยปริตร 2. คาถาหัวใจพญายม ,"1. อภัยปริตร (Abhaya Paritta): “ยันทุนนิมิตตัง อะวะมังคะลัญจะ โย จามะนาโป สะกุณัสสะ สัทโท ปาปัคคะโห ทุสสุปินัง อะกันตัง พุทธานุภาเวนะ วินาสะเมนตุฯ (ลางชั่วร้ายอันใด... เสียงนกที่ไม่ชอบใจอันใด... บาปเคราะห์และฝันร้ายอันใด... ขอสิ่งเหล่านั้นจงพินาศไป ด้วยอานุภาพแห่งพระพุทธเจ้า) “

2. คาถาหัวใจพญายม: ""ปะโตเมตัง ปะระชีวินัง สุขะโตจุติ จิตตะเมตะ นิพพานัง สุขะโตจุติ"""
ภูตผี & วิญญาณ,ศพ / คนตาย (Corpse) ,ดิน (Earth) ,9 ,"การสิ้นสุดปัญหา, ลาภลอย, หนี้สิน, ภาระ ",ล้างป่าช้า หรือบริจาคโลงศพ (ซิ่วเกี๊ยง) แก้เคล็ดธาตุดินที่ตายแล้ว ,ไหว้บรรพบุรุษ หรือเผากระดาษเงินทอง (ใช้ไฟกระตุ้นดินให้เกิดโชค) ,บูชาพระศิวะ (ผู้ทำลายและสร้างใหม่) ,"""ทอง"" (Metal) ",ปิดทองพระ หรือบริจาคเงินเหรียญ เพื่อดึงโชคลาภออกจากความสูญเสีย ,มหาตฤตยุญชัย (Mahamrityunjaya) ,“โอม ตริยัมกัม ยะจามะเฮ สุกันธิม ปุชติ วาร์ธานัม อุรวารุกมิวา พันธนันท์ มฤตย์ขมิยะ มัมฤทัต” (ॐ त्र्यम्बकं यजामहे सुगन्धिं पुष्टिवर्धनम्। उर्वारुकमिव बन्धनान् मृत्योर्मुक्षीय मामृतात्॥)
สัตว์ร้าย,งู / พญานาค (Snake) ,ไฟ / ดิน ,11 ,"เนื้อคู่, พลังทางเพศ, ศัตรู, การเปลี่ยนแปลง ","ปล่อยปลาไหล (เลขคี่) เพื่อให้ชีวิต ""ลื่นไหล"" ไม่ติดขัด ","พกรูปปั้น ""ไก่"" (ระกา) เพราะไก่จิกงูได้ และเป็นคู่มิตรตามนักษัตร ",ถวายน้ำนมแด่พระศิวะ หรือรูปปั้นงู (Nag Panchami) ลดพิษร้อน ,"""ดิน"" (Earth) ",บริจาคอิฐ/กระเบื้องมุงหลังคาวัด ให้ราคะ/โทสะ กลายเป็นรากฐานที่มั่นคง ,1. วิรูปักเข 2. โอม นะมัส ศิวายะ ,"1. วิรูปักเข (Khandha Paritta): ""วิรูปักเขหิ เม เมตตัง ข้าพเจ้ามีเมตตาจิตต่อพญานาคตระกูลวิรูปักขะ เมตตัง เอราปะเถหิ เม ข้าพเจ้ามีเมตตาจิตต่อพญานาคตระกูลเอราปถะ ฉัพยาปุตเตหิ เม เมตตัง ข้าพเจ้ามีเมตตาจิตต่อพญานาคตระกูลฉัพยาปุตตะ เมตตัง กัณหาโคตะมะเกหิ จะ ข้าพเจ้ามีเมตตาจิตต่อพญานาคตระกูลกัณหาโคตมกะ อะปาทะเกหิ เม เมตตัง ข้าพเจ้ามีเมตตาจิตต่อสัตว์ไม่มีเท้าทั้งหลาย"" (แผ่เมตตาให้พญานาค/งู)"
สัตว์ร้าย,จระเข้ (Crocodile) ,น้ำ (Water) ,27 ,"เคราะห์ใหญ่, ศัตรูอาฆาต, การบนบานที่ติดค้าง ",จุดธูป 16 ดอก ขอขมาเจ้าที่/สิ่งศักดิ์สิทธิ์ หรือแก้บนที่ติดค้าง ,"วางรูปปั้น ""ช้าง"" หรือหินควอตซ์ (ธาตุดิน) หน้าบ้านเพื่อข่มน้ำ ",บูชาพระนารายณ์ (ผู้ปราบจระเข้ในตำนาน) ,"""ไม้"" (Wood) ",บริจาคหนังสือธรรมะ/ทุนการศึกษา เปลี่ยนความดุร้ายเป็นปัญญา ,1. คาถาพาหุง (บทที่ 1) 2. บทสวดขอขมาพระรัตนตรัย ,"1. คาถาพาหุง (บทที่ 1): ""พาหุง สะหัสสะมะภินิมมิตะสาวุธันตัง ครีเมขะลัง อุทิตะโฆระสะเสนะมารัง ทานาทิธัมมะวิธินา ชิตะวา มุนินโท ตันเตชะสา ภะวะตุ เต ชะยะมังคะลานิ""

2. บทสวดขอขมาพระรัตนตรัย: ""วันทามิ พุทธัง สัพพะเมโทสัง ขะมะถะเม ภันเต (ขอขมาพระพุทธเจ้า) วันทามิ ธัมมัง สัพพะเมโทสัง ขะมะถะเม ภันเต (ขอขมาพระธรรม) วันทามิ สังฆัง สัพพะเมโทสัง ขะมะถะเม ภันเต (ขอขมาพระสงฆ์) """
ร่างกาย,ฟันหัก (Teeth Falling) ,ทอง (Metal) ,15 ,"สูญเสียญาติ, หนี้สิน, โครงสร้างชีวิตสั่นคลอน ",ถวายผ้าไตร/สังฆทานยา อุทิศให้ญาติผู้ใหญ่ ,"ร่วมพิธีฝังลูกนิมิต, บ้วนน้ำลายลงดิน 3 ครั้ง พูดว่า ""ฝันร้ายกลายเป็นดี"" ",สวดมหาตฤตยุญชัย เพื่อต่ออายุขัยให้คนในบ้าน ,"""น้ำ"" (Water) ",บริจาคน้ำดื่ม หรือปล่อยปลา เพื่อให้ความเศร้าไหลผ่านไปกับน้ำ ,1. โพชฌังคปริตร 2. มหาตฤตยุญชัย ,"1. โพชฌังคปริตร (Bojjhanga Paritta): บทสวดเพื่อการรักษาโรคและต่ออายุ 

2. มหาตฤตยุญชัย มันตรา : “โอม ตรยัมพะกัม ยะชามะเห สุคันธิง ปุษฏิวรรธนัม อุรวารุกะมิวะ พันธะนาน มฤตโยร มุกษียะ มามฤตัต”"
ร่างกาย,เลือด / บาดเจ็บ (Blood) ,น้ำ (Water) ,6 ,"เคราะห์กำลังหมด, ลาภลอย (เลือดนอง), หมุนเวียนเงิน ",บริจาคโลหิต (หนามยอกเอาหนามบ่ง) หรือไถ่ชีวิตสัตว์ใหญ่ ,"เลี่ยงของมีคมในห้องนอน, พกเครื่องรางสีแดง (ธาตุไฟ) กระตุ้นพลังชีวิต ",บูชาพระแม่กาลี ขจัดปัดเป่าภัยอันตราย ,"""ไม้"" (Wood) ",เรียนรู้ทักษะใหม่ หรือปลูกต้นไม้ เพื่อใช้น้ำ (เลือด) หล่อเลี้ยงชีวิตใหม่ ,1. คาถาชินบัญชร 2. Om Kleem Kalikaye Namah ,"1. คาถาชินบัญชร: เสริมเกราะป้องกันภัย

2. Om Kleem Kalikaye Namah : “โอม กริม กาลีกาไย นะมะฮา”(บูชาพระแม่กาลี)"
ภัยพิบัติ,ไฟไหม้ (Fire) ,ไฟ (Fire) ,4 ,"ความเดือดร้อนใจ, ความโกรธ, พลังงานรุนแรง ",ถวายน้ำปานะ/ค่าน้ำวัด ,วางอ่างน้ำ หรือหินสีดำในทิศใต้ของบ้าน เพื่อปรับสมดุลไฟ ,บูชาพระอัคนี (Agni) ขอให้ไฟเป็นพลังชำระล้าง ,"""ดิน"" (Earth) ",บริจาคดินถมที่วัด หรือทำงานปั้นเพื่อให้ไฟเผาผลาญจนเกิดความแข็งแกร่ง ,1. คาถาหัวใจธาตุน้ำ 2. อิติปิโส (ถอยหลัง) ,"1. คาถาหัวใจธาตุน้ำ: ""นะ มะ มะ นะ"" (สวดเพื่อดับร้อน)

2. อิติปิโส (ถอยหลัง): “ติ วา คะ ภะ โธ พุท นัง สา นุส มะ วะ เท ถา สัต ถิ ระ สา มะ ทัม สะ ริ ปุ โร ตะ นุต อะ ทู วิ กะ โล โต คะ สุ โน ปัน สัม ณะ ระ จะ ชา วิช โธ พุท สัม มา สัม หัง ระ อะ วา คะ ภะ โส ปิ ติ อิฯ”"
ภัยพิบัติ,ถูกไล่ล่า (Chasing) ,ไฟ (Fire) ,14 ,"ความกดดัน, เจ้ากรรมนายเวร, ปัญหาที่แก้ไม่ตก ","นั่งสมาธิแผ่เมตตา, บริจาครองเท้า (แก้เคล็ดการวิ่ง) ",เคลียร์ทางเดินในบ้านให้โล่ง ไม่ให้มีสิ่งกีดขวางพลังงาน ,สวดอิติปิโส ให้จิตมีที่พึ่ง ,"""ดิน"" (Earth) ",จัดบ้าน หรือจัดโต๊ะทำงาน เพื่อดึงพลังความกลัวลงสู่พื้น (Grounding) ,1. อภัยปริตร 2. บทแผ่เมตตาให้เจ้ากรรมนายเวร ,"1. ยันทุนนิมิตตัง (อภัยปริตร) 
: “ยันทุนนิมิตตัง อะวะมังคะลัญจะ โย จามะนาโป สะกุณัสสะ สัทโธ ปาปัคคะโห ทุสสุปินัง อะกันตัง พุทธานุภาเวนะ วินาสะเมนตุ”
2. บทแผ่เมตตาให้เจ้ากรรมนายเวร : “วันทามิ พุทธัง สัพพะเมโทสัง ขะมะถะเม ภันเต (ขอขมาพระพุทธเจ้า) วันทามิ ธัมมัง สัพพะเมโทสัง ขะมะถะเม ภันเต (ขอขมาพระธรรม) วันทามิ สังฆัง สัพพะเมโทสัง ขะมะถะเม ภันเต (ขอขมาพระสงฆ์) สัพเพ สัตตา สุขิตา โหนตุ นิททุกขา อะเวรา อัพยาปัชชา อะนีฆา สุขี อัตตานัง ปะริหะรันตุ ขอสัตว์ทั้งหลายทั้งปวง จงถึงความสุข ปราศจากความทุกข์ ไม่มีเวร ไม่มีภัย ไม่มีความคับแค้นใจ จงมีความสุขกายสุขใจ รักษาตนให้พ้นจากทุกข์ภัยทั้งปวงเถิด”

"